<?xml version="1.0" encoding="UTF-8" standalone="yes"?>
<addon id="repository.touka" name="[COLOR yellow]Toukacx Repository[/COLOR]" version="1.1" provider-name="Toukacx">
    <extension point="xbmc.addon.repository" name="Touka Repository">
        <dir>
            <info compressed="false">https://raw.githubusercontent.com/Toukacx/toukacx.github.io/master/repo/zips/addons.xml</info>
            <checksum>https://raw.githubusercontent.com/Toukacx/toukacx.github.io/master/repo/zips/addons.xml.md5</checksum>
            <datadir zip="true">https://raw.githubusercontent.com/Toukacx/toukacx.github.io/master/repo/zips/</datadir>
        </dir>
		<dir>
			<info compressed="false">https://raw.githubusercontent.com/Gujal00/smrzips/master/addons.xml</info>
			<checksum>https://raw.githubusercontent.com/Gujal00/smrzips/master/addons.xml.md5</checksum>
			<datadir zip="true">https://raw.githubusercontent.com/Gujal00/smrzips/master/zips/</datadir>
		</dir>
		<dir>
			<info compressed="false">https://raw.githubusercontent.com/unhingedthemes/zips/main/_zips/addons.xml</info>
			<checksum>https://raw.githubusercontent.com/unhingedthemes/zips/main/_zips/addons.xml.md5</checksum>
			<datadir zip="true">https://raw.githubusercontent.com/unhingedthemes/zips/main/_zips/</datadir>
		</dir>
		<dir>
			<info compressed="false">https://github.com/OldManJax/repository.animaniac/raw/master/addons.xml</info>
			<checksum>https://github.com/OldManJax/repository.animaniac/raw/master/addons.xml.md5</checksum>
			<datadir zip="true">https://github.com/OldManJax/repository.animaniac/raw/master/</datadir>
		</dir>
		<dir>
			<info compressed="false">https://raw.githubusercontent.com/dobbelina/repository.dobbelina/master/addons.xml</info>
			<checksum>https://raw.githubusercontent.com/dobbelina/repository.dobbelina/master/addons.xml.md5</checksum>
			<datadir zip="true">https://raw.githubusercontent.com/dobbelina/repository.dobbelina/master/</datadir>
		</dir>
    </extension>
    <extension point="xbmc.addon.metadata">
        <summary>Toukacx private repository</summary>
        <description>private repository of toukacx</description>
        <disclaimer></disclaimer>
        <platform>all</platform>
        <assets>
            <icon>icon.png</icon>
            <fanart>fanart.jpg</fanart>
        </assets>
    </extension>
</addon>